Link Name,Center of Mass X,Center of Mass Y,Center of Mass Z,Center of Mass Roll,Center of Mass Pitch,Center of Mass Yaw,Mass,Moment Ixx,Moment Ixy,Moment Ixz,Moment Iyy,Moment Iyz,Moment Izz,Visual X,Visual Y,Visual Z,Visual Roll,Visual Pitch,Visual Yaw,Mesh Filename,Color Red,Color Green,Color Blue,Color Alpha,Collision X,Collision Y,Collision Z,Collision Roll,Collision Pitch,Collision Yaw,Collision Mesh Filename,Material Name,SW Components,Coordinate System,Axis Name,Joint Name,Joint Type,Joint Origin X,Joint Origin Y,Joint Origin Z,Joint Origin Roll,Joint Origin Pitch,Joint Origin Yaw,Parent,Joint Axis X,Joint Axis Y,Joint Axis Z,Limit Effort,Limit Velocity,Limit Lower,Limit Upper,Calibration rising,Calibration falling,Dynamics Damping,Dynamics Friction,Safety Soft Upper,Safety Soft Lower,Safety K Position,Safety K Velocity
base_link,6.54207677843056E-18,7.31811347666077E-19,-3.20416382659132E-18,0,0,0,4.563502045004,0.0280984473320404,7.94508023969119E-17,5.25267176192355E-20,0.0169477927066625,1.08880015646914E-18,0.0376783082336192,0,0,0,0,0,0,package://VlinkWithArm/meshes/base_link.STL,0.792156862745098,0.819607843137255,0.933333333333333,1,0,0,0,0,0,0,package://VlinkWithArm/meshes/base_link.STL,,body-1,Origin_global,,,,0,0,0,0,0,0,,0,0,0,,,,,,,,,,,,
hip2thigh_lf,6.18007455399136E-18,-0.0614074661588189,-0.00575000000000156,0,0,0,0.0599999613849592,0.000155906508351339,2.94476214864048E-21,-9.35046804636312E-21,1.13512134874171E-05,-7.8955154042599E-19,0.000165935222689896,0,0,0,0,0,0,package://VlinkWithArm/meshes/hip2thigh_lf.STL,0.792156862745098,0.819607843137255,0.933333333333333,1,0,0,0,0,0,0,package://VlinkWithArm/meshes/hip2thigh_lf.STL,,thigh_f-1,Origin_hip_lf,Axis_hip_lf,hip_lf,continuous,0.0424247110394242,0.156999999999999,0,1.5707963267949,-1.5707963267949,0,base_link,0,0,1,,,,,,,,,,,,
thigh2leg_lf,1.38777878078145E-17,-0.10564758516642,-0.00575000000000064,0,0,0,0.0763000411167859,0.000437218386664755,3.9387032047325E-20,1.95287449810079E-20,7.44363321133751E-06,1.45957711470162E-18,0.000442980239803143,0,0,0,0,0,0,package://VlinkWithArm/meshes/thigh2leg_lf.STL,0.792156862745098,0.819607843137255,0.933333333333333,1,0,0,0,0,0,0,package://VlinkWithArm/meshes/thigh2leg_lf.STL,,leg_f-1,Origin_knee_lf,Axis_knee_lf,knee_lf,continuous,0,-0.14,-0.011500000000001,0,0,-2.46746214692248,hip2thigh_lf,0,0,1,,,,,,,,,,,,
leg2wheel_lf,6.41847686111419E-17,-8.32667268468867E-17,0.0207499999999986,0,0,0,0.521949966745835,0.000441450058332931,-1.6940658945086E-21,2.07466425242616E-18,0.000441450058332931,-3.38231691806901E-20,0.000733078728294525,0,0,0,0,0,0,package://VlinkWithArm/meshes/leg2wheel_lf.STL,0.792156862745098,0.819607843137255,0.933333333333333,1,0,0,0,0,0,0,package://VlinkWithArm/meshes/leg2wheel_lf.STL,,wheel-1,Origin_foot_lf,Axis_foot_lf,foot_lf,continuous,0,-0.24,0,0,0,0.827377338905804,thigh2leg_lf,0,0,1,,,,,,,,,,,,
hip2thigh_lb,-2.22041654777271E-18,-0.0614074661588189,-0.0057500000000007,0,0,0,0.0539995474696858,0.000140314771946862,-7.43157184005156E-21,6.14097015851311E-21,1.02160131007346E-05,6.95567156306342E-19,0.000149340545022119,0,0,0,0,0,0,package://VlinkWithArm/meshes/hip2thigh_lb.STL,0.792156862745098,0.819607843137255,0.933333333333333,1,0,0,0,0,0,0,package://VlinkWithArm/meshes/hip2thigh_lb.STL,,thigh_b-1,Origin_hip_lb,Axis_hip_lb,hip_lb,continuous,-0.0525752889605756,0.126999999999999,0,1.5707963267949,1.5707963267949,0,base_link,0,0,1,,,,,,,,,,,,
thigh2leg_lb,2.77555756156289E-17,-0.126725289376484,0.00574999999999845,0,0,0,0.0750000161747868,0.000553987900915235,-6.69156028330897E-20,1.70850018476048E-20,9.43756802822456E-06,-3.30075616519346E-18,0.00056177234358694,0,0,0,0,0,0,package://VlinkWithArm/meshes/thigh2leg_lb.STL,0.792156862745098,0.819607843137255,0.933333333333333,1,0,0,0,0,0,0,package://VlinkWithArm/meshes/thigh2leg_lb.STL,,leg_b-1,Origin_knee_lb,Axis_knee_lb,knee_lb,continuous,0,-0.14,0,0,0,2.46746214692248,hip2thigh_lb,0,0,1,,,,,,,,,,,,
leg2wheel_lb,-1.15359111152458E-16,-5.55111512312578E-17,-0.0207500000000007,0,0,0,0.521949966745835,0.000441450058332931,-1.6940658945086E-21,2.07466425242616E-18,0.000441450058332931,-3.38231691806901E-20,0.000733078728294525,0,0,0,0,0,0,package://VlinkWithArm/meshes/leg2wheel_lb.STL,0.792156862745098,0.819607843137255,0.933333333333333,1,0,0,0,0,0,0,package://VlinkWithArm/meshes/leg2wheel_lb.STL,,wheel-1,Origin_foot_lb,Axis_foot_lb,foot_lb,continuous,0,-0.24,0,0,0,-0.965954301349358,thigh2leg_lb,0,0,1,,,,,,,,,,,,
hip2thigh_rf,3.85525815338172E-18,-0.061407466158819,0.00575000000000089,0,0,0,0.0599999613849593,0.000155906508351339,9.69270571628262E-21,3.73574741794028E-24,1.13512134874171E-05,-1.08504861385355E-18,0.000165935222689896,0,0,0,0,0,0,package://VlinkWithArm/meshes/hip2thigh_rf.STL,0.792156862745098,0.819607843137255,0.933333333333333,1,0,0,0,0,0,0,package://VlinkWithArm/meshes/hip2thigh_rf.STL,,thigh_f-3,Origin_hip_rf,Axis_hip_rf,hip_rf,continuous,0.0424247110394264,-0.156999999999998,0,1.5707963267949,-1.5707963267949,0,base_link,0,0,1,,,,,,,,,,,,
thigh2leg_rf,4.16333634234434E-17,-0.105647585166419,0.00575000000000225,0,0,0,0.0763000411167858,0.000437218386664754,-5.12454933088852E-20,2.46190654517088E-20,7.44363321133746E-06,2.37326742091475E-18,0.000442980239803142,0,0,0,0,0,0,package://VlinkWithArm/meshes/thigh2leg_rf.STL,0.792156862745098,0.819607843137255,0.933333333333333,1,0,0,0,0,0,0,package://VlinkWithArm/meshes/thigh2leg_rf.STL,,leg_f-2,Origin_knee_rf,Axis_knee_rf,knee_rf,continuous,0,-0.14,0.0114999999999986,0,0,-2.46746214692248,hip2thigh_rf,0,0,1,,,,,,,,,,,,
leg2wheel_rf,5.5511E-17,-1.249E-16,-0.02075,0,0,0,0.52195,0.00044145,-6.7763E-20,-9.0027E-19,0.00044145,1.862E-18,0.00073308,0,0,0,0,0,0,package://VlinkWithArm/meshes/leg2wheel_rf.STL,0.79216,0.81961,0.93333,1,0,0,0,0,0,0,package://VlinkWithArm/meshes/leg2wheel_rf.STL,,wheel-2,Origin_foot_rf,Axis_foot_rf,foot_rf,continuous,0,-0.24,0,0,0,-1.15869988791543,thigh2leg_rf,0,0,1,,,,,,,,,,,,
hip2thigh_rb,2.2451E-18,-0.061407,0.00575,0,0,0,0.054,0.00014031,8.7707E-21,1.5289E-22,1.0216E-05,9.6603E-19,0.00014934,0,0,0,0,0,0,package://VlinkWithArm/meshes/hip2thigh_rb.STL,0.79216,0.81961,0.93333,1,0,0,0,0,0,0,package://VlinkWithArm/meshes/hip2thigh_rb.STL,,thigh_b-2,Origin_hip_rb,Axis_hip_rb,hip_rb,continuous,-0.052575,-0.127,0,1.5708,1.5708,0,base_link,0,0,1,,,,,,,,,,,,
thigh2leg_rb,0,-0.12673,-0.00575,0,0,0,0.075,0.00055399,2.9223E-20,3.5173E-20,9.4376E-06,-3.0843E-18,0.00056177,0,0,0,0,0,0,package://VlinkWithArm/meshes/thigh2leg_rb.STL,0.79216,0.81961,0.93333,1,0,0,0,0,0,0,package://VlinkWithArm/meshes/thigh2leg_rb.STL,,leg_b-2,Origin_knee_rb,Axis_knee_rb,knee_rb,continuous,0,-0.14,0,0,0,2.46746214692248,hip2thigh_rb,0,0,1,,,,,,,,,,,,
leg2wheel_rb,-8.3267E-17,1.249E-16,0.02075,0,0,0,0.52195,0.00044145,-6.7763E-20,-9.0027E-19,0.00044145,1.862E-18,0.00073308,0,0,0,0,0,0,package://VlinkWithArm/meshes/leg2wheel_rb.STL,0.79216,0.81961,0.93333,1,0,0,0,0,0,0,package://VlinkWithArm/meshes/leg2wheel_rb.STL,,wheel-2,Origin_foot_rb,Axis_foot_rb,foot_rb,continuous,0,-0.24,0,0,0,-2.95203152817059,thigh2leg_rb,0,0,1,,,,,,,,,,,,
r0,0,0,-0.015703,0,0,0,0.032137,1.7011E-05,3.5054E-20,-2.5511E-21,2.2374E-05,3.0992E-22,1.1799E-05,0,0,0,0,0,0,package://VlinkWithArm/meshes/r0.STL,1,1,1,1,0,0,0,0,0,0,package://VlinkWithArm/meshes/r0.STL,,s_robot_arm-1/s_frame-1,Origin_r0,r0,r0,continuous,0.13322,-0.068,-0.0135,3.1416,0,0,base_link,0,0,-1,,,,,,,,,,,,
r1,-0.021706,0.0073283,-6.9389E-18,0,0,0,0.242,2.796E-05,2.0282E-05,-1.5486E-20,0.00041328,7.5057E-22,0.00039365,0,0,0,0,0,0,package://VlinkWithArm/meshes/r1.STL,1,1,1,1,0,0,0,0,0,0,package://VlinkWithArm/meshes/r1.STL,,s_robot_arm-1/s_bigarm-1,Origin_r1,r1,r1,continuous,0.0750000000000001,0.0254999999999995,-0.03,3.14159265358979,0,0,r0,0,1,0,,,,,,,,,,,,
r2,-0.030379,0.013604,-1.0408E-17,0,0,0,0.252,2.669E-05,3.4523E-05,2.5528E-22,0.00024862,-2.8088E-21,0.00025306,0,0,0,0,0,0,package://VlinkWithArm/meshes/r2.STL,1,1,1,1,0,0,0,0,0,0,package://VlinkWithArm/meshes/r2.STL,,s_robot_arm-1/s_smallarm-2,Origin_r2,r2,r2,continuous,0.0074999999999994,0.0506800000000002,0,0,0,3.14159265358979,r1,0,1,0,,,,,,,,,,,,
l0,0,0,-0.015703,0,0,0,0.032137,1.7011E-05,3.4608E-20,-2.2529E-22,2.2374E-05,-1.5896E-22,1.1799E-05,0,0,0,0,0,0,package://VlinkWithArm/meshes/l0.STL,1,1,1,1,0,0,0,0,0,0,package://VlinkWithArm/meshes/l0.STL,,s_robot_arm-1/s_frame-2,Origin_l0,l0,l0,continuous,0.13322,0.068,-0.0135,-3.1416,0,3.1416,base_link,0,0,-1,,,,,,,,,,,,
l1,-0.021706,0.0073283,-6.9389E-18,0,0,0,0.242,2.796E-05,2.0282E-05,-5.7031E-20,0.00041328,2.3169E-21,0.00039365,0,0,0,0,0,0,package://VlinkWithArm/meshes/l1.STL,1,1,1,1,0,0,0,0,0,0,package://VlinkWithArm/meshes/l1.STL,,s_robot_arm-1/s_bigarm-2,Origin_l1,l1,l1,continuous,-0.0749999999999997,0.0255000000000005,-0.0300000000000001,0,0,3.14159265358979,l0,0,1,0,,,,,,,,,,,,
l2,-0.030379,0.013604,-6.9389E-18,0,0,0,0.252,2.669E-05,3.4523E-05,5.4659E-21,0.00024862,-4.2579E-21,0.00025306,0,0,0,0,0,0,package://VlinkWithArm/meshes/l2.STL,1,1,1,1,0,0,0,0,0,0,package://VlinkWithArm/meshes/l2.STL,,s_robot_arm-1/s_smallarm-1,Origin_l2,l2,l2,continuous,0.00750000000000012,0.0506800000000001,0,0,0,3.14159265358979,l1,0,1,0,,,,,,,,,,,,
armbase,0,0,0,0,0,0,0.384,0,0,0,0,0,0,0,0,0,0,0,0,package://VlinkWithArm/meshes/armbase.STL,1,1,1,1,0,0,0,0,0,0,package://VlinkWithArm/meshes/armbase.STL,,s_robot_arm-1/arm_base-1,Origin_nonono,,nonono,fixed,0.12557,0,-0.0525,1.5708,0,1.5708,base_link,0,0,0,,,,,,,,,,,,
