Link Name,Center of Mass X,Center of Mass Y,Center of Mass Z,Center of Mass Roll,Center of Mass Pitch,Center of Mass Yaw,Mass,Moment Ixx,Moment Ixy,Moment Ixz,Moment Iyy,Moment Iyz,Moment Izz,Visual X,Visual Y,Visual Z,Visual Roll,Visual Pitch,Visual Yaw,Mesh Filename,Color Red,Color Green,Color Blue,Color Alpha,Collision X,Collision Y,Collision Z,Collision Roll,Collision Pitch,Collision Yaw,Collision Mesh Filename,Material Name,SW Components,Coordinate System,Axis Name,Joint Name,Joint Type,Joint Origin X,Joint Origin Y,Joint Origin Z,Joint Origin Roll,Joint Origin Pitch,Joint Origin Yaw,Parent,Joint Axis X,Joint Axis Y,Joint Axis Z,Limit Effort,Limit Velocity,Limit Lower,Limit Upper,Calibration rising,Calibration falling,Dynamics Damping,Dynamics Friction,Safety Soft Upper,Safety Soft Lower,Safety K Position,Safety K Velocity
base_link,6.54207677843056E-18,3.64890254428671E-18,-3.20416382659132E-18,0,0,0,4.563502045004,0.0280984473320404,7.89940633199554E-17,7.17250002448797E-20,0.0169477927066625,1.08880015646914E-18,0.0376783082336192,0,0,0,0,0,0,package://simplifiedwitharms/meshes/base_link.STL,0.792156862745098,0.819607843137255,0.933333333333333,1,0,0,0,0,0,0,package://simplifiedwitharms/meshes/base_link.STL,,body-1,Origin_global,,,,0,0,0,0,0,0,,0,0,0,,,,,,,,,,,,
hip2thigh_lf,0.00738394404324297,-0.0609619083560608,-0.00575000000000156,0,0,0,0.0599999613849592,0.000153816401722993,1.72559391004856E-05,7.74093910108133E-20,1.34413201157626E-05,-7.58659320697045E-19,0.000165935222689896,0,0,0,0,0,0,package://simplifiedwitharms/meshes/hip2thigh_lf.STL,0.792156862745098,0.819607843137255,0.933333333333333,1,0,0,0,0,0,0,package://simplifiedwitharms/meshes/hip2thigh_lf.STL,,thigh_f-1,Origin_hip_lf,Axis_hip_lf,hip_lf,continuous,0.0424247110394242,0.156999999999999,0,1.5707963267949,-1.5707963267949,0,base_link,0,0,1,,,,,,,,,,,,
thigh2leg_lf,-0.00696354898461207,-0.095712390629919,-0.00575000000000073,0,0,0,0.0763000411167857,0.000435426179173768,2.76953700983574E-05,-6.43701993723854E-20,9.23584070232314E-06,1.34440137710285E-18,0.000442980239803142,0,0,0,0,0,0,package://simplifiedwitharms/meshes/thigh2leg_lf.STL,0.792156862745098,0.819607843137255,0.933333333333333,1,0,0,0,0,0,0,package://simplifiedwitharms/meshes/thigh2leg_lf.STL,,leg_f-1,Origin_knee_lf,Axis_knee_lf,knee_lf,continuous,0,-0.14,-0.011500000000001,0,0,-2.46746214692248,hip2thigh_lf,0,0,1,,,,,,,,,,,,
leg2wheel_lf,0.00867931554787402,0.00565339031485854,0.0207499999999987,0,0,0,0.521949966745834,0.00044145005833293,-6.7762635780344E-21,2.05281904761969E-18,0.00044145005833293,-4.95734972513349E-20,0.000733078728294525,0,0,0,0,0,0,package://simplifiedwitharms/meshes/leg2wheel_lf.STL,0.792156862745098,0.819607843137255,0.933333333333333,1,0,0,0,0,0,0,package://simplifiedwitharms/meshes/leg2wheel_lf.STL,,wheel-1,Origin_foot_lf,Axis_foot_lf,foot_lf,continuous,0,-0.24,0,0,0,0.827377338905804,thigh2leg_lf,0,0,1,,,,,,,,,,,,
hip2thigh_lb,0.0029880072767854,-0.0613347268075795,-0.00575000000000073,0,0,0,0.0539995474696858,0.000140006741178031,6.32293743103968E-06,-2.6396282781867E-20,1.05240438695661E-05,6.93961107182285E-19,0.000149340545022119,0,0,0,0,0,0,package://simplifiedwitharms/meshes/hip2thigh_lb.STL,0.792156862745098,0.819607843137255,0.933333333333333,1,0,0,0,0,0,0,package://simplifiedwitharms/meshes/hip2thigh_lb.STL,,thigh_b-1,Origin_hip_lb,Axis_hip_lb,hip_lb,continuous,-0.0525752889605756,0.126999999999999,0,1.5707963267949,1.5707963267949,0,base_link,0,0,1,,,,,,,,,,,,
thigh2leg_lb,0.00259846829407692,-0.130865834763009,0.00574999999999862,0,0,0,0.0750000161747867,0.000551915893887358,3.3526391151612E-05,2.20900401099293E-19,1.15095750561011E-05,-3.3400641362635E-18,0.00056177234358694,0,0,0,0,0,0,package://simplifiedwitharms/meshes/thigh2leg_lb.STL,0.792156862745098,0.819607843137255,0.933333333333333,1,0,0,0,0,0,0,package://simplifiedwitharms/meshes/thigh2leg_lb.STL,,leg_b-1,Origin_knee_lb,Axis_knee_lb,knee_lb,continuous,0,-0.14,0,0,0,2.46746214692248,hip2thigh_lb,0,0,1,,,,,,,,,,,,
leg2wheel_lb,0.00867931554787384,0.00565339031485856,-0.0207500000000006,0,0,0,0.521949966745834,0.00044145005833293,-6.7762635780344E-21,2.05281904761969E-18,0.00044145005833293,-4.95734972513349E-20,0.000733078728294525,0,0,0,0,0,0,package://simplifiedwitharms/meshes/leg2wheel_lb.STL,0.792156862745098,0.819607843137255,0.933333333333333,1,0,0,0,0,0,0,package://simplifiedwitharms/meshes/leg2wheel_lb.STL,,wheel-1,Origin_foot_lb,Axis_foot_lb,foot_lb,continuous,0,-0.24,0,0,0,-0.965954301349358,thigh2leg_lb,0,0,1,,,,,,,,,,,,
hip2thigh_rf,-0.000556638907385031,-0.0614049432307638,0.00575000000000092,0,0,0,0.0599999613849593,0.000155894630475898,-1.31029336514157E-06,-1.12561992141094E-20,1.13630913628576E-05,-1.07017230766308E-18,0.000165935222689896,0,0,0,0,0,0,package://simplifiedwitharms/meshes/hip2thigh_rf.STL,0.792156862745098,0.819607843137255,0.933333333333333,1,0,0,0,0,0,0,package://simplifiedwitharms/meshes/hip2thigh_rf.STL,,thigh_f-3,Origin_hip_rf,Axis_hip_rf,hip_rf,continuous,0.0424247110394264,-0.156999999999998,0,1.5707963267949,-1.5707963267949,0,base_link,0,0,1,,,,,,,,,,,,
thigh2leg_rf,-0.00472673392625211,-0.106289578619914,0.00575000000000228,0,0,0,0.0763000411167858,0.000435960932089832,-2.3212949789023E-05,1.58334364987364E-19,8.7010877862589E-06,2.44804831197168E-18,0.000442980239803142,0,0,0,0,0,0,package://simplifiedwitharms/meshes/thigh2leg_rf.STL,0.792156862745098,0.819607843137255,0.933333333333333,1,0,0,0,0,0,0,package://simplifiedwitharms/meshes/thigh2leg_rf.STL,,leg_f-2,Origin_knee_rf,Axis_knee_rf,knee_rf,continuous,0,-0.14,0.0114999999999986,0,0,-2.46746214692248,hip2thigh_rf,0,0,1,,,,,,,,,,,,
leg2wheel_rf,-0.00439594830608644,-0.0111682593141344,-0.0207499999999982,0,0,0,0.521949966745835,0.000441450058332931,0,-8.82396837354721E-19,0.000441450058332931,1.86422412729358E-18,0.000733078728294525,0,0,0,0,0,0,package://simplifiedwitharms/meshes/leg2wheel_rf.STL,0.792156862745098,0.819607843137255,0.933333333333333,1,0,0,0,0,0,0,package://simplifiedwitharms/meshes/leg2wheel_rf.STL,,wheel-2,Origin_foot_rf,Axis_foot_rf,foot_rf,continuous,0,-0.24,0,0,0,-1.15869988791543,thigh2leg_rf,0,0,1,,,,,,,,,,,,
hip2thigh_rb,-0.00877799965781604,-0.0607768345840246,0.00575000000000175,0,0,0,0.0539995474696859,0.000137656362219475,-1.84062126402729E-05,1.31602765758427E-19,1.28744228281224E-05,9.61832578893044E-19,0.000149340545022119,0,0,0,0,0,0,package://simplifiedwitharms/meshes/hip2thigh_rb.STL,0.792156862745098,0.819607843137255,0.933333333333333,1,0,0,0,0,0,0,package://simplifiedwitharms/meshes/hip2thigh_rb.STL,,thigh_b-2,Origin_hip_rb,Axis_hip_rb,hip_rb,continuous,-0.0525752889605738,-0.126999999999999,0,1.5707963267949,1.5707963267949,0,base_link,0,0,1,,,,,,,,,,,,
thigh2leg_rb,0.00897127123060711,-0.115130567889755,-0.00574999999999933,0,0,0,0.0750000161747867,0.000552049381954834,-3.24324419283254E-05,-1.43685612930255E-19,1.13760869886253E-05,-2.966247965131E-18,0.00056177234358694,0,0,0,0,0,0,package://simplifiedwitharms/meshes/thigh2leg_rb.STL,0.792156862745098,0.819607843137255,0.933333333333333,1,0,0,0,0,0,0,package://simplifiedwitharms/meshes/thigh2leg_rb.STL,,leg_b-2,Origin_knee_rb,Axis_knee_rb,knee_rb,continuous,0,-0.14,0,0,0,2.46746214692248,hip2thigh_rb,0,0,1,,,,,,,,,,,,
leg2wheel_rb,-0.00439594830608658,-0.0111682593141341,0.0207500000000011,0,0,0,0.521949966745835,0.000441450058332931,0,-8.82396837354721E-19,0.000441450058332931,1.86422412729358E-18,0.000733078728294525,0,0,0,0,0,0,package://simplifiedwitharms/meshes/leg2wheel_rb.STL,0.792156862745098,0.819607843137255,0.933333333333333,1,0,0,0,0,0,0,package://simplifiedwitharms/meshes/leg2wheel_rb.STL,,wheel-2,Origin_foot_rb,Axis_foot_rb,foot_rb,continuous,0,-0.24,0,0,0,-2.95203152817059,thigh2leg_rb,0,0,1,,,,,,,,,,,,
arm_base,9.38699858757322E-16,0.0100115829160109,0.00270521231220491,0,0,0,0.172079016071854,7.04774852503178E-05,-2.92061828471216E-20,4.13062511374809E-18,0.000694584592880781,-5.11522103605276E-06,0.000654883736490349,0,0,0,0,0,0,package://simplifiedwitharms/meshes/arm_base.STL,1,1,1,1,0,0,0,0,0,0,package://simplifiedwitharms/meshes/arm_base.STL,,s_robot_arm-1/arm_base-1,Origin_nojoint,Axis_nojoint,nojoint,fixed,0.125574711039425,0,-0.0525,1.5707963267949,0,1.5707963267949,base_link,0,0,0,,,,,,,,,,,,
l_shoulder,-8.0491E-16,2.4425E-15,-0.015703,0,0,0,0.032137,1.8195E-05,-2.2238E-06,-1.167E-21,2.1191E-05,-3.0118E-21,1.1799E-05,0,0,0,0,0,0,package://simplifiedwitharms/meshes/l_shoulder.STL,1,1,1,1,0,0,0,0,0,0,package://simplifiedwitharms/meshes/l_shoulder.STL,,s_robot_arm-1/s_frame-2,Origin_l_0,l0,l_0,fixed,0.068,0.039,0.00765,-1.5708,1.5424,3.1416,arm_base,0,0,0,,,,,,,,,,,,
l_bigarm,-0.050322,0.018488,0.050122,0,0,0,0.11434,0.00035866,-2.31E-05,-0.00011279,0.00040452,-4.1481E-05,7.1716E-05,0,0,0,0,0,0,package://simplifiedwitharms/meshes/l_bigarm.STL,1,1,1,1,0,0,0,0,0,0,package://simplifiedwitharms/meshes/l_bigarm.STL,,s_robot_arm-1/s_bigarm-2,Origin_l_1,l1,l_1,fixed,-0.07499,0.0255,-0.031244,0,0.016588,3.1416,l_shoulder,0,0,0,,,,,,,,,,,,
l_smallarm,-0.15049,-0.027418,-0.14716,0,0,0,0.096833,0.00011729,0.00010413,4.729E-05,0.00017448,-3.6123E-05,0.00023661,0,0,0,0,0,0,package://simplifiedwitharms/meshes/l_smallarm.STL,1,1,1,1,0,0,0,0,0,0,package://simplifiedwitharms/meshes/l_smallarm.STL,,s_robot_arm-1/s_smallarm-1,Origin_l_2,l2,l_2,fixed,0.14247,0.05068,-0.0021454,-3.1416,0.031789,0,l_bigarm,0,0,0,,,,,,,,,,,,
r_shouler,5.5511E-17,1.027E-15,-0.015703,0,0,0,0.032137,1.8195E-05,-2.2238E-06,-2.0241E-21,2.1191E-05,-1.6963E-21,1.1799E-05,0,0,0,0,0,0,package://simplifiedwitharms/meshes/r_shouler.STL,1,1,1,1,0,0,0,0,0,0,package://simplifiedwitharms/meshes/r_shouler.STL,,s_robot_arm-1/s_frame-1,Origin_r_0,r0,r_0,fixed,-0.067999999999999,0.039,0.00765000000000041,1.5707963267949,-1.54128517367178,0,arm_base,0,0,0,,,,,,,,,,,,
r_bigarm,-0.036621,-0.015564,0.003343,0,0,0,0.11434,0.000132,0.00017029,-2.4431E-05,0.00031152,1.6329E-05,0.00039137,0,0,0,0,0,0,package://simplifiedwitharms/meshes/r_bigarm.STL,1,1,1,1,0,0,0,0,0,0,package://simplifiedwitharms/meshes/r_bigarm.STL,,s_robot_arm-1/s_bigarm-1,Origin_r_1,r1,r_1,fixed,0.0743603457178331,0.0255000000000002,-0.0202255954286498,3.14159265358979,-0.13069716598537,0,r_shouler,0,0,0,,,,,,,,,,,,
r_smallarm,-0.046204,0.10247,-0.0070254,0,0,0,0.096833,5.611E-05,-6.913E-05,-4.5495E-05,0.0002297,-1.5882E-05,0.00024256,0,0,0,0,0,0,package://simplifiedwitharms/meshes/r_smallarm.STL,1,1,1,1,0,0,0,0,0,0,package://simplifiedwitharms/meshes/r_smallarm.STL,,s_robot_arm-1/s_smallarm-2,Origin_r_2,r2,r_2,fixed,0.141771233708888,0.0506799999999999,0.00989203462353844,-3.14159265358979,-0.147078355388403,0,r_bigarm,0,0,0,,,,,,,,,,,,
